,query_track_id,target_track_id,score,query_text,target_text
1,3,50888,1.0000001192092896,DD Groove by Kevin MacLeod,DD Groove by Kevin MacLeod
2,4,50892,1.000000238418579,Slow Burn by Kevin MacLeod,Slow Burn by Kevin MacLeod
3,5,57802,1.0,Nothing Much by My Bubba & Mi,Nothing Much by My Bubba & Mi
4,7,50890,1.0000001192092896,Hustle by Kevin MacLeod,Hustle by Kevin MacLeod
5,8,50891,1.0,Dirt Rhodes by Kevin MacLeod,Dirt Rhodes by Kevin MacLeod
6,10,61487,1.0000001192092896,Stormy Blues by Arne Bang Huseby,Stormy Blues by Arne Bang Huseby
7,12,62338,0.9999998807907104,Rebel Blues by Sul Rebel,Rebel Blues by Sul Rebel
8,13,57801,1.0000001192092896,Oh Kiss No by My Bubba & Mi,Oh Kiss No by My Bubba & Mi
9,17,61489,0.9999998807907104,Fjcb Reddit Gtr Fills Mix by Phoephus,Fjcb Reddit Gtr Fills Mix by Phoephus
11,19,67236,1.0,Vultures by WHO'S PANDA,Vultures by WHO'S PANDA
12,20,61468,1.0000001192092896,Blues Shuffle in A One Take Improv Exercise by Stevie's Amp Shack,Blues Shuffle in A One Take Improv Exercise by Stevie's Amp Shack
13,21,57842,1.0000001192092896,My War Blues by Cian Nugent,My War Blues by Cian Nugent
15,24,25067,1.0000001192092896,Workin Boy Blues by Bombay Laughing Club,Workin Boy Blues by Bombay Laughing Club
16,25,72304,1.000000238418579,RL Got Soul by The Jon Spencer Blues Explosion,RL Got Soul by The Jon Spencer Blues Explosion
17,31,57161,1.0000004768371582,All is Right by Short Hand,All is Right by Short Hand
18,32,66558,1.0000001192092896,Princely & Comely by The Agrarians,Princely & Comely by The Agrarians
19,35,57501,0.9999998807907104,Apoli by Olima Anditi,Apoli by Olima Anditi
20,37,72303,1.000000238418579,Afro by The Jon Spencer Blues Explosion,Afro by The Jon Spencer Blues Explosion
25,43,71919,0.9314571619033813,PuritansToo  by The Agrarians,"Puritans, Too by The Agrarians"
26,44,54343,1.0,Walkabout by Digital Primitives,Walkabout by Digital Primitives
27,45,72536,1.0000001192092896,Untitled 05 by Mountain Cult,Untitled 05 by Mountain Cult
29,47,62435,1.0,Boulevard St Germain by Jahzzar,Boulevard St Germain by Jahzzar
31,49,34368,1.0,Our Nights on the Turnpike by The Agrarians,Our Nights on the Turnpike by The Agrarians
32,50,62431,0.9999998807907104,Railroad's Whiskey Co by Jahzzar,Railroad's Whiskey Co by Jahzzar
33,51,47116,0.9844619035720825,Fathers Tell Yr Sons  by The Agrarians,"Fathers, Tell Yr Sons by The Agrarians"
34,52,68878,1.0000001192092896,Recognize An Hour Divine by The Agrarians,Recognize An Hour Divine by The Agrarians
38,56,20434,1.0000001192092896,Fafa by Vieux Farka Touré,Fafa by Vieux Farka Touré
40,59,114949,1.000000238418579,The Truth Is What We Make of It by The Agrarians,The Truth Is What We Make of It by The Agrarians
41,60,68886,1.0,Heat Index by Michael Chapman & The Woodpiles,Heat Index by Michael Chapman & The Woodpiles
42,62,22359,1.0000001192092896,Baby's Got Morphine Eyes by Zombie Prom Queen,Baby's Got Morphine Eyes by Zombie Prom Queen
44,65,72301,0.9999998807907104,Bellbottoms by The Jon Spencer Blues Explosion,Bellbottoms by The Jon Spencer Blues Explosion
45,67,72302,1.0,Gadzooks by The Jon Spencer Blues Explosion,Gadzooks by The Jon Spencer Blues Explosion
46,68,57840,1.000000238418579,Sixes & Sevens (Excerpt) by Cian Nugent,Sixes & Sevens (Excerpt) by Cian Nugent
47,69,10619,1.0,Keep Your Lamp Trimmed And Burning [traditional] by Billy Childish,Keep Your Lamp Trimmed And Burning [traditional] by Billy Childish
48,70,68887,1.000000238418579,Deportee by Michael Chapman & The Woodpiles,Deportee by Michael Chapman & The Woodpiles
49,71,66557,1.000000238418579,The Daily Dose Age by The Agrarians,The Daily Dose Age by The Agrarians
50,72,52983,1.000000238418579,Bona Fide by Crete Boom,Bona Fide by Crete Boom
51,73,54474,1.0000001192092896,Lalalala by Solo Dja Kabako,Lalalala by Solo Dja Kabako
52,74,64872,0.9999999403953552,Interview by Mount Carmel,Interview by Mount Carmel
53,76,72531,1.0000003576278687,Untitled 07 by Mountain Cult,Untitled 07 by Mountain Cult
54,77,42393,1.0,Yr Blues Tripping by The Rope River Blues Band,Yr Blues Tripping by The Rope River Blues Band
55,78,55806,0.9999998807907104,How to go to sleep by Mr. & Mrs. Smith,How to go to sleep by Mr. & Mrs. Smith
56,79,54342,1.0,No Holiday by Digital Primitives,No Holiday by Digital Primitives
57,80,52931,1.0,Roulette by Lorenzo's Music,Roulette by Lorenzo's Music
58,81,68877,0.9999998807907104,The Newest Fashions by The Agrarians,The Newest Fashions by The Agrarians
59,82,70556,1.000000238418579,Goin On by Mr. & Mrs. Smith,Goin On by Mr. & Mrs. Smith
60,83,19137,0.9479062557220459,If You Love Me Like You Say by Paul  Wine  Jones,"If You Love Me Like You Say by Paul ""Wine"" Jones"
61,84,64871,0.9999998807907104,Swallow Me Up by Mount Carmel,Swallow Me Up by Mount Carmel
62,85,53399,1.0000001192092896,Out Of Our Heads by Lantern,Out Of Our Heads by Lantern
64,87,72535,1.0,Untitled 04 by Mountain Cult,Untitled 04 by Mountain Cult
65,88,52930,1.0000003576278687,We All Fall Down by Lorenzo's Music,We All Fall Down by Lorenzo's Music
68,91,20576,0.9999997615814209,One by Sim Cain,One by Sim Cain
69,92,45383,0.944245457649231,Further by The Rope River Blues Band,Further... by The Rope River Blues Band
73,98,114463,1.0,The Index of Memory by The Agrarians,The Index of Memory by The Agrarians
75,101,45264,1.0000001192092896,Least the Ocean is Wet by Mr. & Mrs. Smith,Least the Ocean is Wet by Mr. & Mrs. Smith
76,102,64173,1.0,Electricity by Marisa Anderson,Electricity by Marisa Anderson
77,103,72532,1.0000001192092896,Untitled 01 by Mountain Cult,Untitled 01 by Mountain Cult
78,104,35971,1.0,Ben Jonson's Blues by The Rope River Blues Band,Ben Jonson's Blues by The Rope River Blues Band
79,105,63229,1.0000001192092896,Girl Might Do by mojo monkeys,Girl Might Do by mojo monkeys
83,109,114804,0.9818376898765564,You're the Wave  Wander! by The Agrarians,You're the Wave: Wander! by The Agrarians
84,110,71918,1.0,(Come On and Feele) The Faith in Me by The Agrarians,(Come On and Feele) The Faith in Me by The Agrarians
85,111,20043,1.0,Drop Down Low by Jawbone,Drop Down Low by Jawbone
91,117,21800,0.9999999403953552,Queen of Loneliness by Delta Dreambox,Queen of Loneliness by Delta Dreambox
92,118,53916,1.0000001192092896,America by Cooper-Moore & Assif Tsahar,America by Cooper-Moore & Assif Tsahar
93,119,59172,1.000000238418579,Ethio Song by Amen Dunes,Ethio Song by Amen Dunes
95,121,66010,0.9999999403953552,The not so flashy Exit by Mr. & Mrs. Smith,The not so flashy Exit by Mr. & Mrs. Smith
96,122,114453,1.0,The Attack of Ev'ry Time by The Agrarians,The Attack of Ev'ry Time by The Agrarians
98,124,39508,0.9999998807907104,The Banks of Eternity by The Agrarians,The Banks of Eternity by The Agrarians
99,125,47118,1.000000238418579,Songtress' Sweet Song by The Agrarians,Songtress' Sweet Song by The Agrarians
100,126,23161,1.0,Le petit jardin (with Les Gauchers Orchestra) by Lee Maddeford,Le petit jardin (with Les Gauchers Orchestra) by Lee Maddeford
102,128,38956,1.0000001192092896,Veloma by Fabrizio Paterlini,Veloma by Fabrizio Paterlini
103,129,154672,1.0,Sneeuwland by Oskar Schuster,Sneeuwland by Oskar Schuster
104,130,73607,0.9999997615814209,Strides by Jared C. Balogh,Strides by Jared C. Balogh
105,131,66906,1.0,Wonderland (Instrumental) by Dexter Britain,Wonderland (Instrumental) by Dexter Britain
106,133,58079,1.0,Aleph by Ophir Ilzetzki,Aleph by Ophir Ilzetzki
107,134,66903,1.000000238418579,Summers Coming by Dexter Britain,Summers Coming by Dexter Britain
108,135,71858,0.8922691345214844,O Solitude (H by Jody Pou,O Solitude (H. Purcell) by Jody Pou
109,136,35262,1.0,Fourth by Mystic Morrison Visions,Fourth by Mystic Morrison Visions
110,137,11328,0.8313066959381104, I by Aaron Dunn-Sonatina No. 1 in C Major ,Sonatina No. 1 in C Major - III. Vivace by Aaron Dunn
111,138,71579,1.0,Encounters With Abusive Men by Silver Process,Encounters With Abusive Men by Silver Process
112,140,73606,1.0000001192092896,Shaking Off The Rust by Jared C. Balogh,Shaking Off The Rust by Jared C. Balogh
115,144,66513,0.9999998211860657,The Passing of Time by krackatoa,The Passing of Time by krackatoa
116,145,50958,0.9999998807907104,The Forest and the Trees by Kevin MacLeod,The Forest and the Trees by Kevin MacLeod
117,146,64077,1.0000001192092896,Nine by Marcel Pequel,Nine by Marcel Pequel
118,148,67839,0.9999999403953552,Bending Light Infinity version by krackatoa,Bending Light Infinity version by krackatoa
119,149,50953,1.0,Gagool by Kevin MacLeod,Gagool by Kevin MacLeod
120,150,73050,0.9999998807907104,Bow to Your Neighbor (Excerpt) by Steven Arntson,Bow to Your Neighbor (Excerpt) by Steven Arntson
121,151,33427,1.000000238418579,Pacifico by James Beaudreau,Pacifico by James Beaudreau
122,152,66904,0.9999998211860657,The Tea Party by Dexter Britain,The Tea Party by Dexter Britain
124,154,23121,1.0000001192092896,Ouverture by Lee Maddeford,Ouverture by Lee Maddeford
125,155,73605,0.9999999403953552,Cyprus by Jared C. Balogh,Cyprus by Jared C. Balogh
126,156,23163,1.000000238418579,Wheel of fortune (with Les Gauchers Orchestra) by Lee Maddeford,Wheel of fortune (with Les Gauchers Orchestra) by Lee Maddeford
127,157,65033,1.0,Opening Doors by Jamie Evans,Opening Doors by Jamie Evans
128,158,65782,0.9547572135925293,5 00 AM by Peter Rudenko,5:00 AM by Peter Rudenko
129,159,71577,1.0,Awaken From A Nightmare by Silver Process,Awaken From A Nightmare by Silver Process
130,160,70472,0.972089409828186, Suite for Violin 9 Hora vivace by Advent Chamber Orchestra-Bughici ,"Bughici - Suite for Violin, 9 Hora, vivace by Advent Chamber Orchestra"
131,161,48387,0.9999998807907104,O Fortuna by MIT Concert Choir,O Fortuna by MIT Concert Choir
133,163,73604,1.000000238418579,Caught In A Realm by Jared C. Balogh,Caught In A Realm by Jared C. Balogh
134,164,71578,0.9675694704055786,Row Night by Silver Process-Skid,Skid-Row Night by Silver Process
135,166,66902,1.0,Stop It (Instrumental) by Dexter Britain,Stop It (Instrumental) by Dexter Britain
137,168,50944,1.0000001192092896,Funeral March for Brass by Kevin MacLeod,Funeral March for Brass by Kevin MacLeod
138,169,71857,0.9999998807907104,Black Coffee by Jody Pou,Black Coffee by Jody Pou
142,173,70419,0.8133658170700073,Ease by Andrew Bisset-Cultural Dis,Andrew Bisset: Cultural Dis-Ease by Sergey Schepkin
143,174,66741,0.9999998807907104,War And Peace by Jamie Evans,War And Peace by Jamie Evans
144,175,73049,0.9678229093551636,Don't You Want to Go to Heaven Uncle Sam   by Steven Arntson,"Don't You Want to Go to Heaven, Uncle Sam? by Steven Arntson"
145,176,64074,1.0,Six by Marcel Pequel,Six by Marcel Pequel
147,178,46521,1.0,Uno Is Walking by K-Conjog,Uno Is Walking by K-Conjog
148,179,62382,1.0,The Time To Run by Dexter Britain,The Time To Run by Dexter Britain
149,180,58652,1.0,Bridging and Mending by Jared C. Balogh,Bridging and Mending by Jared C. Balogh
150,181,73048,1.0,A Muddy Heart by Steven Arntson,A Muddy Heart by Steven Arntson
151,182,72717,0.9999998807907104,Dedicated to Elizabeth Cotten (with Matt Bauder) by Jessica Pavone,Dedicated to Elizabeth Cotten (with Matt Bauder) by Jessica Pavone
152,184,28549,0.9523847103118896,imagined version) by Fabrizio Paterlini-Forever blue (March Rosetta re,Forever blue (March Rosetta re-imagined version) by Fabrizio Paterlini
153,185,50927,1.0,Ghost Dance by Kevin MacLeod,Ghost Dance by Kevin MacLeod
154,186,66899,0.9999999403953552,Nights Tale by Dexter Britain,Nights Tale by Dexter Britain
156,188,23186,0.9999998211860657,Tom's Lullaby (with Les Gauchers Orchestra) by Lee Maddeford,Tom's Lullaby (with Les Gauchers Orchestra) by Lee Maddeford
158,190,50946,1.0000001192092896,Virtutes Instrumenti by Kevin MacLeod,Virtutes Instrumenti by Kevin MacLeod
159,191,65668,0.9655648469924927,Variatio 14 a 2 Clav by Kimiko Ishizaka,Variatio 14 a 2 Clav. by Kimiko Ishizaka
160,192,73045,1.000000238418579,Lucky by Steven Arntson,Lucky by Steven Arntson
161,193,47090,1.0,Hands by Matthew Mehlan,Hands by Matthew Mehlan
162,194,66739,1.000000238418579,Reminiscence by Jamie Evans,Reminiscence by Jamie Evans
163,195,53295,0.9999997615814209,Golden Alley Reprise by Rebecca Foon,Golden Alley Reprise by Rebecca Foon
164,196,24259,1.000000238418579,Borodin Butterfly by Lanark,Borodin Butterfly by Lanark
165,197,64076,1.0,Eight by Marcel Pequel,Eight by Marcel Pequel
166,198,37340,0.9999998807907104,Red Danube by Lee Rosevere,Red Danube by Lee Rosevere
167,199,55947,0.9999997615814209,Spring Mvt 1 Allegro by John Harrison with the Wichita State University Chamber Players,Spring Mvt 1 Allegro by John Harrison with the Wichita State University Chamber Players
170,203,53924,1.000000238418579,WATCHING IT SNOW WHILE THINKING OF YOU by Jared C. Balogh,WATCHING IT SNOW WHILE THINKING OF YOU by Jared C. Balogh
171,204,57695,0.9530410766601562,Sinfonia di Violoncello e AM RadioFinitura by Joe Merolla,"Sinfonia di Violoncello e AM Radio, Finitura by Joe Merolla"
172,205,107592,0.8186768293380737,Prelude No by Chris Zabriskie,Prelude by Kelly Latimore
173,206,58078,1.0,Unisons by Ophir Ilzetzki,Unisons by Ophir Ilzetzki
174,207,66900,1.000000238418579,Notebook Reading by Dexter Britain,Notebook Reading by Dexter Britain
175,208,66897,1.0,Leave Well Enough Alone (Instrumental) by Dexter Britain,Leave Well Enough Alone (Instrumental) by Dexter Britain
176,209,50948,1.0000003576278687,Amazing Grace 2011 by Kevin MacLeod,Amazing Grace 2011 by Kevin MacLeod
177,210,70471,0.8776400089263916, Suite for Violin 8 Ardeleneascamoderato  by Advent Chamber Orchestra-Bughici ,"Bughici - Suite for Violin, 8 Ardeleneasca, moderato by Advent Chamber Orchestra"
178,211,66895,1.000000238418579,After Christmas by Dexter Britain,After Christmas by Dexter Britain
179,212,66898,1.0,My Song For January by Dexter Britain,My Song For January by Dexter Britain
180,213,71575,1.000000238418579,Graveyard Illusions by Silver Process,Graveyard Illusions by Silver Process
181,214,25207,1.0000001192092896,Blue sox by Arnaud Roy,Blue sox by Arnaud Roy
182,215,71573,1.0,In A Party Watching A Party by Silver Process,In A Party Watching A Party by Silver Process
184,217,66740,1.0,Haunted by Jamie Evans,Haunted by Jamie Evans
186,219,31480,0.9999998807907104,The Book of Floating by The New Heaven and The New Earth,The Book of Floating by The New Heaven and The New Earth
187,220,71571,1.000000238418579,Jazz Band With Jazz Hands by Silver Process,Jazz Band With Jazz Hands by Silver Process
188,221,54323,0.9999998807907104,First by The New York Underground Orchestra (Conducted By Assif Tsahar),First by The New York Underground Orchestra (Conducted By Assif Tsahar)
189,222,58077,1.0000003576278687,ha'zman by Ophir Ilzetzki,ha'zman by Ophir Ilzetzki
190,223,64069,0.9999998807907104,One by Marcel Pequel,One by Marcel Pequel
192,225,65974,1.0000001192092896,The Anticipation Of Spring by Jared C. Balogh,The Anticipation Of Spring by Jared C. Balogh
193,226,64438,1.0000001192092896,A TOUGH DECISION by Jared C. Balogh,A TOUGH DECISION by Jared C. Balogh
194,227,64436,1.000000238418579,SELF REFLECT by Jared C. Balogh,SELF REFLECT by Jared C. Balogh
196,229,62380,1.0000001192092896,Slow Motion Strut Version Two by Dexter Britain,Slow Motion Strut Version Two by Dexter Britain
197,231,62383,1.0,Train by Dexter Britain,Train by Dexter Britain
198,232,70468,0.9798577427864075, Serenade for Strings Op22 in E Major larghetto by Advent Chamber Orchestra-Dvorak ,Dvorak - Serenade for Strings Op22 in E Major larghetto by Advent Chamber Orchestra
199,233,64443,1.0000001192092896,HURRY UP AND RAIN by Jared C. Balogh,HURRY UP AND RAIN by Jared C. Balogh
200,234,72716,0.9999999403953552,Dedicated to Leroy Jenkins by Jessica Pavone,Dedicated to Leroy Jenkins by Jessica Pavone
201,235,73044,1.0000001192092896,Flight of the Moth by Steven Arntson,Flight of the Moth by Steven Arntson
202,236,69633,1.000000238418579,Transmutation Of Metals by Chuck Bettis & Joe Merolla,Transmutation Of Metals by Chuck Bettis & Joe Merolla
203,237,73032,1.0,Birth by Steven Arntson,Birth by Steven Arntson
204,238,50951,0.9591005444526672, BWV 846 by Kevin MacLeod-J. S. Bach  Prelude in C ,J. S. Bach: Prelude in C - BWV 846 by Kevin MacLeod
205,239,64075,1.0,Seven by Marcel Pequel,Seven by Marcel Pequel
206,240,65003,0.9999999403953552,Gammelvals by Puh,Gammelvals by Puh
207,241,66896,1.0000001192092896,After The Week I've Had by Dexter Britain,After The Week I've Had by Dexter Britain
209,243,48410,0.9999998807907104,Ave formosissima — O Fortuna (reprise) by MIT Concert Choir,Ave formosissima — O Fortuna (reprise) by MIT Concert Choir
211,245,70467,0.9736701250076294, Entrance to the Queen of Sheba for Two Oboes Strings and Continuo allegro  by Advent Chamber Orchestra-Handel ,"Handel - Entrance to the Queen of Sheba for Two Oboes, Strings, and Continuo allegro by Advent Chamber Orchestra"
212,246,71572,1.000000238418579,Traumatic Childhood by Silver Process,Traumatic Childhood by Silver Process
213,247,65828,1.0000001192092896,Micro Composition 10 by Jared C. Balogh,Micro Composition 10 by Jared C. Balogh
214,248,62372,0.9999998807907104,Chasing Time by Dexter Britain,Chasing Time by Dexter Britain
215,250,55958,1.0000001192092896,Winter Mvt 3 Allegro by John Harrison with the Wichita State University Chamber Players,Winter Mvt 3 Allegro by John Harrison with the Wichita State University Chamber Players
216,253,45382,1.0000001192092896,Dance! by The Rope River Blues Band,Dance! by The Rope River Blues Band
217,254,30394,0.9975928068161011,Original Rags (1900 piano roll)  by Scott Joplin,"Original Rags (1900, piano roll) by Scott Joplin"
218,257,73509,1.0,Wine Wine Wine by Stompin' Riff Raffs,Wine Wine Wine by Stompin' Riff Raffs
219,258,70563,1.0,ChainSmoke Days by Mr. & Mrs. Smith,ChainSmoke Days by Mr. & Mrs. Smith
220,260,4376,0.9999999403953552,Detroit by The Moaners,Detroit by The Moaners
221,262,30389,0.9960112571716309,The Entertainer (1902 piano roll)  by Scott Joplin,"The Entertainer (1902, piano roll) by Scott Joplin"
223,265,39184,0.9999998807907104,Emmet's Cuckoo Song by George P. Watson,Emmet's Cuckoo Song by George P. Watson
224,266,52684,0.9999998211860657,SOLO ACOUSTIC GUITAR by Jason Shaw,SOLO ACOUSTIC GUITAR by Jason Shaw
225,269,23012,1.0000003576278687,Swan Song by Paper Navy,Swan Song by Paper Navy
226,270,30395,0.9952980875968933,I Do Like To Be Beside The Seaside (1907 piano roll)  by John H. Glover-Kind,"I Do Like To Be Beside The Seaside (1907, piano roll) by John H. Glover-Kind"
227,272,52691,1.0,JENNY'S THEME by Jason Shaw,JENNY'S THEME by Jason Shaw
228,273,16788,0.9999999403953552,Western Country by Shake That Little Foot,Western Country by Shake That Little Foot
229,274,72244,1.0000001192092896,Mochi by LE CLUB DES CHATS,Mochi by LE CLUB DES CHATS
230,275,37134,1.0000001192092896,Rednecks with White Faces by Caühaüs,Rednecks with White Faces by Caühaüs
231,276,109372,0.9852132201194763,Blackberry Hedge by Secret Jane,Blackberrys Hedge by Secret Jane
232,278,52653,1.000000238418579,ACOUSTIC BLUES by Jason Shaw,ACOUSTIC BLUES by Jason Shaw
233,279,54847,1.0,Party by Krestovsky,Party by Krestovsky
234,280,47403,1.0,Upper Room by Flying Cloud,Upper Room by Flying Cloud
235,281,30387,0.9589205980300903,The Smiler (1907Zonophone Concert Band)  by Percy Wenrich,"The Smiler (1907, Zonophone Concert Band) by Percy Wenrich"
236,282,38491,0.9828592538833618,Have You Seen It  by Dr. Frankenstein,Have You Seen It? by Dr. Frankenstein
237,284,62443,1.0000001192092896,Last Dance by Jahzzar,Last Dance by Jahzzar
238,285,39181,1.000000238418579,Death Valley Waltz by Lucas Gonze,Death Valley Waltz by Lucas Gonze
239,286,30388,0.9469379186630249, Z. Brewster by Scott Joplin-Maple Leaf Rag (1899 Geisz version) ,"Maple Leaf Rag (1899, Z. Brewster-Geisz version) by Scott Joplin"
240,288,52651,0.9999998807907104,WORDS by Jason Shaw,WORDS by Jason Shaw
241,289,154374,0.9496215581893921,Pine Apple Rag (1908 piano roll)  by Scott Joplin,Pine Apple Rag (Scott Joplin piano roll) by Scott Joplin
243,292,73508,1.0000001192092896,Horror Show by Stompin' Riff Raffs,Horror Show by Stompin' Riff Raffs
244,293,38559,0.9999997019767761,Ayahuasca by Party People in a Can,Ayahuasca by Party People in a Can
245,294,30391,0.9975889921188354,Chinese Blues (1916 George Gershwin piano roll)  by Moore and Gardner,"Chinese Blues (1916, George Gershwin piano roll) by Moore and Gardner"
247,297,70061,1.0000001192092896,My Friend by Wooden Ambulance,My Friend by Wooden Ambulance
248,298,73488,1.0000003576278687,Obvious by Moore & Sons,Obvious by Moore & Sons
249,299,52679,0.9999998211860657,RUNNING WATERS by Jason Shaw,RUNNING WATERS by Jason Shaw
250,300,71501,1.0,What I Found by The Brought Low,What I Found by The Brought Low
253,303,70189,1.000000238418579,American English by The Canoes,American English by The Canoes
256,306,30386,0.9970953464508057,Frog Legs Rag (1906 piano roll) by James Scott,"Frog Legs Rag (1906, piano roll) by James Scott"
257,307,16785,1.0000001192092896,Turkey in the Straw by Shake That Little Foot,Turkey in the Straw by Shake That Little Foot
258,308,52689,1.0,WHEELS by Jason Shaw,WHEELS by Jason Shaw
259,309,38490,0.992239236831665,Theme for  The Mad Thinker  by Dr. Frankenstein,"Theme for ""The Mad Thinker"" by Dr. Frankenstein"
260,310,100485,1.0,Neighborhood Funeral Dress by Mr. & Mrs. Smith,Neighborhood Funeral Dress by Mr. & Mrs. Smith
262,312,68416,1.000000238418579,Wild Guide by Austin Leonard Jones,Wild Guide by Austin Leonard Jones
263,313,52688,1.0000001192092896,TRAVEL LIGHT by Jason Shaw,TRAVEL LIGHT by Jason Shaw
264,314,54912,1.0,Ox Driving Song by Austin Leonard Jones,Ox Driving Song by Austin Leonard Jones
265,315,16783,0.9999998807907104,Scotland the Brave by Shake That Little Foot,Scotland the Brave by Shake That Little Foot
266,316,71148,1.0000001192092896,The River by Kenny Tudrick,The River by Kenny Tudrick
268,318,38489,1.0000001192092896,Emergency Exit by Dr. Frankenstein,Emergency Exit by Dr. Frankenstein
269,319,39182,0.9999999403953552,Frog In The Well by Lucas Gonze,Frog In The Well by Lucas Gonze
270,320,73507,0.9999999403953552,99 Chicks by Stompin' Riff Raffs,99 Chicks by Stompin' Riff Raffs
271,321,38487,1.000000238418579,Necrófago by Dr. Frankenstein,Necrófago by Dr. Frankenstein
274,324,52681,1.000000238418579,SERENITY by Jason Shaw,SERENITY by Jason Shaw
275,325,3465,0.9999999403953552,Birmingham Jail by Chatham County Line,Birmingham Jail by Chatham County Line
276,326,52687,1.0,THINGAMAJIG by Jason Shaw,THINGAMAJIG by Jason Shaw
277,327,54207,1.0,Ricky Dee by Bandana Splits,Ricky Dee by Bandana Splits
278,328,71940,1.0000004768371582,Imna 'Merican by U Can Unlearn Guitar,Imna 'Merican by U Can Unlearn Guitar
279,329,6564,1.0,Cars and Parties by Edith Frost,Cars and Parties by Edith Frost
280,330,24566,1.0,Loco Two by Vonn Krapp Family,Loco Two by Vonn Krapp Family
281,332,52661,0.9999998807907104,FUNKY JUNKY by Jason Shaw,FUNKY JUNKY by Jason Shaw
282,333,60452,1.000000238418579,Live at the Winston by Thee Irma & Louise,Live at the Winston by Thee Irma & Louise
283,334,47402,1.0000001192092896,Childhood Days by Universal Jubilaires,Childhood Days by Universal Jubilaires
286,338,37135,1.0,Southern Gothic by Bureaucratica,Southern Gothic by Bureaucratica
287,339,52678,0.9999999403953552,ROCKY TOP by Jason Shaw,ROCKY TOP by Jason Shaw
289,341,71729,1.0000001192092896,Columbine by Audra Kubat,Columbine by Audra Kubat
290,342,52654,0.9999999403953552,ACOUSTIC MEDITATION by Jason Shaw,ACOUSTIC MEDITATION by Jason Shaw
291,343,3463,0.9999998807907104,Clear Blue Sky by Chatham County Line,Clear Blue Sky by Chatham County Line
292,344,52673,1.000000238418579,ONE FINE DAY by Jason Shaw,ONE FINE DAY by Jason Shaw
293,345,73506,1.0,You Shake Me by Stompin' Riff Raffs,You Shake Me by Stompin' Riff Raffs
294,346,52686,1.000000238418579,TENNESEE HAYRIDE by Jason Shaw,TENNESEE HAYRIDE by Jason Shaw
296,348,54911,1.000000238418579,I Wish I Was A Headlight by Austin Leonard Jones,I Wish I Was A Headlight by Austin Leonard Jones
297,349,47997,1.0,There Were Some Famous Artists by Jim Long,There Were Some Famous Artists by Jim Long
298,350,52656,1.0,BACK TO THE WOODS by Jason Shaw,BACK TO THE WOODS by Jason Shaw
299,352,39183,1.0,Talk About Suffering by Lucas Gonze,Talk About Suffering by Lucas Gonze
301,354,71131,0.916979193687439, If Not For Your Sweet Heart  by Eric Villa,"""If Not For Your Sweet Heart"" by Eric Villa"
303,356,52683,1.000000238418579,SNAPPY by Jason Shaw,SNAPPY by Jason Shaw
304,357,73106,1.000000238418579,Red Clay Road by D. Charles Speer & the Helix,Red Clay Road by D. Charles Speer & the Helix
305,358,21630,1.0,Love Song To Little Trees by Bill Crosson,Love Song To Little Trees by Bill Crosson
306,359,62417,0.9999999403953552,Bed by Jahzzar,Bed by Jahzzar
307,360,52672,0.9999999403953552,NICE AND EASY by Jason Shaw,NICE AND EASY by Jason Shaw
308,361,52655,1.0,AUTUMN SUNSET by Jason Shaw,AUTUMN SUNSET by Jason Shaw
309,362,52677,0.9999998211860657,RIVER MEDITATION by Jason Shaw,RIVER MEDITATION by Jason Shaw
310,364,52671,0.9999999403953552,MOUNTAIN SUN by Jason Shaw,MOUNTAIN SUN by Jason Shaw
311,365,16786,0.9999998807907104,Waterbound by Shake That Little Foot,Waterbound by Shake That Little Foot
312,366,70731,1.0000001192092896,Dirty Fingernails by Golden Boys,Dirty Fingernails by Golden Boys
313,367,65859,1.0,After Today by Tift Merritt,After Today by Tift Merritt
315,369,53142,0.8608644008636475,Mr by Mr. & Mrs. Smith,Know Name by Mr. & Mrs. Smith
316,370,47400,1.0,Little Wooden Church by The Trumpeteers,Little Wooden Church by The Trumpeteers
317,371,10576,0.972489595413208,Will by Stapleton Brothers-Call of the Whip-Poor,Call of the Whip-Poor-Will by Stapleton Brothers
318,372,9525,1.0,Runaway Puppy by QQQ,Runaway Puppy by QQQ
320,375,70557,1.0,Bit a Bullet by Mr. & Mrs. Smith,Bit a Bullet by Mr. & Mrs. Smith
322,378,26651,1.0,Deep Sky Blue by Graphiqs Groove,Deep Sky Blue by Graphiqs Groove
323,379,33936,0.9999998211860657,Chantiers Navals 412 by LJ Kruzer,Chantiers Navals 412 by LJ Kruzer
324,380,45174,1.0,Five Minutes at the Rainforest Cafe by Macaw,Five Minutes at the Rainforest Cafe by Macaw
325,381,42019,0.9672486782073975, DnB Mix (Germany) by Hot Fire-Them Never Love No Bans ,Them Never Love No Bans - DnB Mix (Germany) by Hot Fire
327,384,73789,0.9999998807907104,Whirlwind Dance by Ghost Hunter,Whirlwind Dance by Ghost Hunter
331,391,54144,0.9999998807907104,Another Position (original mix) by Morphamish,Another Position (original mix) by Morphamish
332,392,47260,1.0000003576278687,Ode To A Baby Snowstorm by Ghostly Dust Machine,Ode To A Baby Snowstorm by Ghostly Dust Machine
334,395,65484,1.0000001192092896,Spectrum (Subdiffusion Mix) by Foniqz,Spectrum (Subdiffusion Mix) by Foniqz
336,399,66905,1.0,Waking Up (Instrumental) by Dexter Britain,Waking Up (Instrumental) by Dexter Britain
339,402,33850,0.9999998807907104,Quittin' Time by Patrick Lee,Quittin' Time by Patrick Lee
340,403,36234,0.971328854560852,Flying pea v by Daddy_Scrabble,Flying pea v.1 by Daddy_Scrabble
342,405,51195,1.0000001192092896,Presenterator by Kevin MacLeod,Presenterator by Kevin MacLeod
343,406,24433,1.0000001192092896,My God Those Legs by Smersh,My God Those Legs by Smersh
345,408,57958,1.0000001192092896,snow world under the white moon by EeL,snow world under the white moon by EeL
347,415,72758,0.9999998807907104,Dubsteady by Phoniandflore,Dubsteady by Phoniandflore
348,416,36435,1.0000001192092896,Please Mind the Dubstep by Bitbasic,Please Mind the Dubstep by Bitbasic
349,419,46157,1.000000238418579,over and under by Antiphon,over and under by Antiphon
350,420,72682,1.0000001192092896,90 by Casetofoane,90 by Casetofoane
351,422,21632,1.0,Moonlight and Roses by Lee Rosevere,Moonlight and Roses by Lee Rosevere
353,425,72076,1.000000238418579,Stars by Decktonic,Stars by Decktonic
354,426,57153,1.000000238418579,Whispering Through by Asura,Whispering Through by Asura
355,427,69170,0.9999999403953552,Enthusiast by Tours,Enthusiast by Tours
356,428,39585,0.9999998807907104,How Exciting by Revolution Void,How Exciting by Revolution Void
358,430,11979,1.0000001192092896,Black Gloves by Vitus Von Degen,Black Gloves by Vitus Von Degen
359,431,21293,1.0000003576278687,Dub steps by Dub Terminator,Dub steps by Dub Terminator
360,432,39811,0.9999998807907104,Barbarian by Pierlo,Barbarian by Pierlo
363,437,69209,1.0,Night Beach by Psychadelik Pedestrian,Night Beach by Psychadelik Pedestrian
364,440,58341,1.000000238418579,Oh Wee by Immortal Beats,Oh Wee by Immortal Beats
367,444,73627,0.9999997615814209,People Living And Leaving Big Citys by Augustus Bro & Gallery Six,People Living And Leaving Big Citys by Augustus Bro & Gallery Six
368,445,46076,0.9999998807907104,Casual Graphic Designer by Bacalao,Casual Graphic Designer by Bacalao
369,448,51677,1.0,Destination by Anitek,Destination by Anitek
371,450,66638,0.9999999403953552,Grief And Sleep by Ghosts,Grief And Sleep by Ghosts
372,451,26245,0.9999998211860657,Smoothest Runes by Thick Business,Smoothest Runes by Thick Business
373,452,54746,0.9546661376953125,La (instrumental) by YACHT-Shangri,Shangri-La (instrumental) by YACHT
376,455,72205,0.9999999403953552,Expedition Chant Cup by Music For Your Plants,Expedition Chant Cup by Music For Your Plants
380,460,64802,1.000000238418579,Inner Demon by Flex Vector,Inner Demon by Flex Vector
381,461,48465,0.9999997615814209,Ocean Breeze by Sycamore Drive,Ocean Breeze by Sycamore Drive
383,463,41557,1.0000004768371582,Overlay Star by Lomovolokno,Overlay Star by Lomovolokno
384,464,73475,0.9999999403953552,Ropes by Plurabelle,Ropes by Plurabelle
385,466,53457,1.0000001192092896,Forever falling up by Fanas,Forever falling up by Fanas
389,472,29673,0.800034761428833,I by Listen With Sarah,I.C. by Listen With Sarah
390,473,48443,1.0,SmurfPulser by Illocanblo,SmurfPulser by Illocanblo
391,475,54142,1.0000001192092896,Ooo by Morphamish + MAKO,Ooo by Morphamish + MAKO
392,477,72075,1.000000238418579,Night Drive by Decktonic,Night Drive by Decktonic
394,479,67553,1.0,Not Found (Invisible) by Jiony,Not Found (Invisible) by Jiony
395,480,47532,0.9630002975463867,entry by Lee Rosevere-Chapter Seven - Re,Chapter Seven - Re-entry by Lee Rosevere
396,481,66901,0.9999998807907104,Seeing The Future by Dexter Britain,Seeing The Future by Dexter Britain
397,482,64159,1.000000238418579,LA by Julian Winter,LA by Julian Winter
398,484,69210,1.0000001192092896,Got Me (club mix) by Beat Doctor,Got Me (club mix) by Beat Doctor
399,485,66376,0.9999998807907104,Coral Reef by Psychadelik Pedestrian,Coral Reef by Psychadelik Pedestrian
400,486,71516,1.0000001192092896,Neurociencia by Pulselooper,Neurociencia by Pulselooper
401,487,65482,0.9999999403953552,D2 by Foniqz,D2 by Foniqz
402,488,58634,0.9999996423721313,Cold Summer Landscape by Blear Moon,Cold Summer Landscape by Blear Moon
403,489,12283,1.0000001192092896,Pink Fuzz! by The Protagonist!,Pink Fuzz! by The Protagonist!
405,492,69578,1.0,Beryllos by M-PeX,Beryllos by M-PeX
406,493,28548,1.000000238418579,summer by General Fuzz,summer by General Fuzz
407,494,73372,0.9999998807907104,Garden Theme by Deltason,Garden Theme by Deltason
409,497,64801,1.0,The Beat Goes On by Flex Vector,The Beat Goes On by Flex Vector
411,499,68449,1.000000238418579,Bayview by Isle,Bayview by Isle
412,500,72210,1.0,القذافي الأمازون الحرس by Music For Your Plants,القذافي الأمازون الحرس by Music For Your Plants
413,501,51922,0.9999998211860657,Behind The Seas by Possimiste,Behind The Seas by Possimiste
414,502,35970,1.0000001192092896,Capulet by The Rope River Blues Band,Capulet by The Rope River Blues Band
415,503,51042,1.0,Big Gay Water Fight by Plushgoolash,Big Gay Water Fight by Plushgoolash
416,504,67617,1.000000238418579,Rebetikaud by Sam Shalabi,Rebetikaud by Sam Shalabi
418,507,67616,0.9999998807907104,Mε Πιάνουνε Ζαλάδες by Caligine,Mε Πιάνουνε Ζαλάδες by Caligine
419,512,67604,1.000000238418579,Rast'e Tou Teke by Costa and Nero,Rast'e Tou Teke by Costa and Nero
420,513,28876,1.0,Dream (instrumental) by Chan Wai Fat,Dream (instrumental) by Chan Wai Fat
421,514,52682,0.9999997615814209,SIDEWALK by Jason Shaw,SIDEWALK by Jason Shaw
422,515,67614,1.0,Hash Smugglers Blues by Plankton Wat,Hash Smugglers Blues by Plankton Wat
423,518,67612,1.0,Burning School by Free Piece of Tape,Burning School by Free Piece of Tape
424,519,67643,0.9580624103546143,MDMA (Pt by Morus Alba,MDMA (Pt. 1) by Morus Alba
425,520,73492,0.9999998807907104,Broken Spell by Moore & Sons,Broken Spell by Moore & Sons
427,522,67615,0.9876023530960083,New Rembetika   14 by Mike Cooper & Viv Corringham,New Rembetika / 14 by Mike Cooper & Viv Corringham
428,523,66326,0.9593438506126404,Love by The Upsidedown-E,E-Love by The Upsidedown
429,524,67603,1.000000238418579,Black Eyes by Nettle,Black Eyes by Nettle
430,525,27948,1.0,(h) Banjo Arba Minch Garden by Cooper-Moore,(h) Banjo Arba Minch Garden by Cooper-Moore
431,527,68888,0.9999998807907104,A Stranger's Map of Texas by Michael Chapman & The Woodpiles,A Stranger's Map of Texas by Michael Chapman & The Woodpiles
432,529,45526,1.0000001192092896,TV Dinner by Hiiragi Fukuda,TV Dinner by Hiiragi Fukuda
435,536,73049,0.892983078956604,Don't You Want to Go to HeavenUncle Sam   by Steven Arntson,"Don't You Want to Go to Heaven, Uncle Sam? by Steven Arntson"
436,537,67613,1.0,Efoumernam Ena Vradi by Astral Social Club,Efoumernam Ena Vradi by Astral Social Club
438,544,44933,1.0000001192092896,Day Into Night by Rho,Day Into Night by Rho
439,547,70562,1.0000001192092896,It's all right by Mr. & Mrs. Smith,It's all right by Mr. & Mrs. Smith
440,550,68889,1.0,Titanic by Michael Chapman & The Woodpiles,Titanic by Michael Chapman & The Woodpiles
441,551,73491,1.000000238418579,Harmless Blues by Moore & Sons,Harmless Blues by Moore & Sons
442,554,58030,1.0000001192092896,Wave Graves by Paneye,Wave Graves by Paneye
443,555,114512,1.0000001192092896,Views of The Holy & Divine by The Agrarians,Views of The Holy & Divine by The Agrarians
444,556,73031,1.0,Life on the Odyssean Wave by Steven Arntson,Life on the Odyssean Wave by Steven Arntson
445,558,57799,0.9999997615814209,Good Night Heart by My Bubba & Mi,Good Night Heart by My Bubba & Mi
446,560,62439,1.0000001192092896,Vanlig by Jahzzar,Vanlig by Jahzzar
449,565,67611,1.0,Sousta Politiki by Amen Dunes,Sousta Politiki by Amen Dunes
450,568,71939,1.000000238418579,The Incredible Infection of Unintended Invection by U Can Unlearn Guitar,The Incredible Infection of Unintended Invection by U Can Unlearn Guitar
451,574,111116,0.9999998807907104,Cattails by Kevin MacLeod,Cattails by Kevin MacLeod
452,577,62428,0.9999997615814209,Look inside by Jahzzar,Look inside by Jahzzar
453,579,29980,1.0000005960464478,The Surveyor by red_robin,The Surveyor by red_robin
454,580,91058,1.0000001192092896,Grass Above My Head by Cian Nugent,Grass Above My Head by Cian Nugent
456,582,52652,1.0,12 MORNINGS by Jason Shaw,12 MORNINGS by Jason Shaw
457,584,67608,1.0000001192092896,Stin Ypoga by Ignatz,Stin Ypoga by Ignatz
458,585,41626,1.000000238418579,The Bright New Year (By Bert Jansch) by Yair Yona,The Bright New Year (By Bert Jansch) by Yair Yona
461,592,72115,1.0000001192092896,Tape Eater by Pietnastka,Tape Eater by Pietnastka
462,594,28877,1.0,Di Hei Hei (sung by Po Sun Yi) by Chan Wai Fat,Di Hei Hei (sung by Po Sun Yi) by Chan Wai Fat
464,598,62726,1.000000238418579,Joke by Jahzzar,Joke by Jahzzar
467,606,65068,1.0000001192092896,Ice Cream by Jahzzar,Ice Cream by Jahzzar
468,607,25121,1.0,Past Has Not Passed by James Blackshaw,Past Has Not Passed by James Blackshaw
469,608,67602,1.0000001192092896,Adinatisa O Kaymenos by Daniel Padden,Adinatisa O Kaymenos by Daniel Padden
470,609,69577,1.0000003576278687,Eter by M-PeX,Eter by M-PeX
471,610,72492,1.000000238418579,Shine by Jahzzar,Shine by Jahzzar
472,611,65066,0.9999997615814209,Car Crash by Jahzzar,Car Crash by Jahzzar
473,612,27474,1.000000238418579,Wild Horse of Stony Point by Black Twig Pickers,Wild Horse of Stony Point by Black Twig Pickers
474,613,62433,0.9999999403953552,Going to by Jahzzar,Going to by Jahzzar
475,614,23371,0.9999998807907104,I Want To Destroy Something Beautiful by Josh Woodward,I Want To Destroy Something Beautiful by Josh Woodward
476,615,73487,1.0,Talking by Moore & Sons,Talking by Moore & Sons
478,617,108324,0.8083831071853638,A Clean Slate by The Peach Tree,Peach Tree by Matteah Baim
479,620,69575,1.0000003576278687,Aqua by M-PeX,Aqua by M-PeX
480,621,68827,1.0000001192092896,The Blender is Not Built For That by Carter Thornton,The Blender is Not Built For That by Carter Thornton
481,622,113579,0.8409316539764404,Zoo by Greg Gibbs,Zoo by Krestovsky
482,623,62434,1.0000001192092896,Anniversary by Jahzzar,Anniversary by Jahzzar
483,625,73489,1.0000001192092896,Night Ahead by Moore & Sons,Night Ahead by Moore & Sons
484,628,12672,1.0,Hungaria by Latché Swing,Hungaria by Latché Swing
485,629,73657,1.000000238418579,Volksing Ferretismico by Goto80 and the Uwe Schenk Band,Volksing Ferretismico by Goto80 and the Uwe Schenk Band
486,631,58074,1.0000001192092896,Lansdowne by WWIII,Lansdowne by WWIII
488,634,64569,1.000000238418579,If I Can't Dance It's Not My Revolution by Quantum Jazz,If I Can't Dance It's Not My Revolution by Quantum Jazz
491,638,70934,0.8034420013427734,Winter Sunshine by Evgeny Grinko,Winter Sun by Peter Rudenko
493,640,31871,0.9999999403953552,¡Qué Paciencia! by Los Sundayers,¡Qué Paciencia! by Los Sundayers
494,643,73656,1.0,Thriller Iller by Goto80 and the Uwe Schenk Band,Thriller Iller by Goto80 and the Uwe Schenk Band
495,644,64534,1.0000001192092896,By the Coast (2004) by Antony Raijekov,By the Coast (2004) by Antony Raijekov
497,646,50996,0.9999998807907104,Backed Vibes Clean by Kevin MacLeod,Backed Vibes Clean by Kevin MacLeod
498,647,39588,1.0,Scattered Knowledge by Revolution Void,Scattered Knowledge by Revolution Void
499,648,12677,1.000000238418579,Swing 39 by Latché Swing,Swing 39 by Latché Swing
504,653,22332,1.000000238418579,Jazz Club by Kriss,Jazz Club by Kriss
506,656,46577,1.0,when by Stephan Siebert,when by Stephan Siebert
507,657,73653,1.0,Ponky Fonky Ferret by Goto80 and the Uwe Schenk Band,Ponky Fonky Ferret by Goto80 and the Uwe Schenk Band
508,658,50992,0.9999998807907104,AcidJazz by Kevin MacLeod,AcidJazz by Kevin MacLeod
509,660,36235,1.0,05 CherryBlossom by Daddy_Scrabble,05 CherryBlossom by Daddy_Scrabble
510,661,10735,1.0,Are by Oaxacan,Are by Oaxacan
511,662,12676,1.000000238418579,Rythme Gitan by Latché Swing,Rythme Gitan by Latché Swing
512,663,58032,1.0,Rail Star Mode by Spartak,Rail Star Mode by Spartak
513,664,73654,0.9999999403953552,Cable Swingin' Ferret by Goto80 and the Uwe Schenk Band,Cable Swingin' Ferret by Goto80 and the Uwe Schenk Band
514,665,12674,0.9999999403953552,Sweet Georgia Brown by Latché Swing,Sweet Georgia Brown by Latché Swing
515,666,54344,1.0,Crackle & Pop by Digital Primitives,Crackle & Pop by Digital Primitives
517,668,36233,1.000000238418579,LordDa Mercy by Daddy_Scrabble,LordDa Mercy by Daddy_Scrabble
518,671,12675,1.0000001192092896,Menilmontant by Latché Swing,Menilmontant by Latché Swing
519,672,50995,1.0,Vibe Ace by Kevin MacLeod,Vibe Ace by Kevin MacLeod
520,673,71768,1.0000001192092896,Mirando Hacia Atrás by Los Sundayers,Mirando Hacia Atrás by Los Sundayers
521,674,12673,1.000000238418579,Songe D'Automne by Latché Swing,Songe D'Automne by Latché Swing
528,685,56957,1.0000001192092896,George by Curha,George by Curha
531,688,23188,1.000000238418579,Irresistible Yvette (with Les Gauchers Quintet) by Lee Maddeford,Irresistible Yvette (with Les Gauchers Quintet) by Lee Maddeford
532,689,28547,0.9785866737365723,M (2003) by Antony Raijekov-Ambient,Ambient-M (2003) by Antony Raijekov
533,690,74377,0.9828774929046631,Infant Holy Infant Lowly  by Ann Alee,"Infant Holy, Infant Lowly by Ann Alee"
535,692,28601,0.9867823123931885,Boudougou by Breuss Arrizabalaga Quintet-Nfamoudou,Nfamoudou-Boudougou by Breuss Arrizabalaga Quintet
536,693,35256,1.0,Impressive by Mystic Morrison Visions,Impressive by Mystic Morrison Visions
541,699,68479,1.000000238418579,SYMPHONIC SLIDE by Jared C. Balogh,SYMPHONIC SLIDE by Jared C. Balogh
542,700,53255,0.9999998807907104,Moon Dream (Extended Mix) by Sephirot,Moon Dream (Extended Mix) by Sephirot
543,702,58073,1.000000238418579,Shipyard by WWIII,Shipyard by WWIII
545,704,36231,0.9999996423721313,Monkeys have arrived by Daddy_Scrabble,Monkeys have arrived by Daddy_Scrabble
547,707,56129,1.0,Prelude #2 in A Minor (Chopin) by Ben Holmes and Patrick Farrell,Prelude #2 in A Minor (Chopin) by Ben Holmes and Patrick Farrell
550,710,62928,1.0000001192092896,They Enter Through the Ear by Ehran Elisha and Roy Campbell,They Enter Through the Ear by Ehran Elisha and Roy Campbell
551,711,50988,1.0,Dances and Dames by Kevin MacLeod,Dances and Dames by Kevin MacLeod
552,712,50991,1.0,As I Figure by Kevin MacLeod,As I Figure by Kevin MacLeod
553,713,67120,0.9938302636146545,parte 1 parte 4  by MarginalS,"parte 1, parte 4 by MarginalS"
555,715,53931,1.0,PULLING MYSELF UP THROUGH by Jared C. Balogh,PULLING MYSELF UP THROUGH by Jared C. Balogh
558,719,71767,1.0,Transparente by Los Sundayers,Transparente by Los Sundayers
560,722,64574,0.9999998211860657,Orbiting A Distant Planet by Quantum Jazz,Orbiting A Distant Planet by Quantum Jazz
561,723,67588,1.0,April Showers by ProleteR,April Showers by ProleteR
563,725,35260,1.0000001192092896,Octopus by Mystic Morrison Visions,Octopus by Mystic Morrison Visions
564,726,54406,0.9999996423721313,Trio Take 5 by Cooper-Moore,Trio Take 5 by Cooper-Moore
565,727,53930,1.000000238418579,THE HAPPIEST LIFE by Jared C. Balogh,THE HAPPIEST LIFE by Jared C. Balogh
567,729,67273,1.000000238418579,Pepper Spray Blues by The Luddites,Pepper Spray Blues by The Luddites
568,730,14343,0.9999998807907104,Mircoobee by Keinzweiter,Mircoobee by Keinzweiter
571,733,45002,0.9999998807907104,Mad About You by Yair Yona,Mad About You by Yair Yona
572,734,28087,0.9999999403953552,Sandu by Hugo 'Droopy' Contini,Sandu by Hugo 'Droopy' Contini
573,735,39541,1.0,Invisible Walls by Revolution Void,Invisible Walls by Revolution Void
574,736,50985,0.9754306674003601, Sax by Kevin MacLeod-Night on the Docks ,Night on the Docks - Sax by Kevin MacLeod
577,739,64573,1.0,Balcarabic Chicken by Quantum Jazz,Balcarabic Chicken by Quantum Jazz
578,740,13904,1.0,Futoristico by Gilad Atzmon,Futoristico by Gilad Atzmon
580,742,71381,0.9724767208099365, Nitro by OPRACHINA-Oprachina ,Nitro by Oprachina
581,743,38958,1.0,Tasky by Blue Swerver,Tasky by Blue Swerver
582,744,67103,1.0000001192092896,Capadócia by Thiago França,Capadócia by Thiago França
583,745,24309,1.0,Maia by Kreng,Maia by Kreng
584,746,1152,1.0000001192092896,My Blackbirds Are Bluebirds Now by The Moonlighters,My Blackbirds Are Bluebirds Now by The Moonlighters
585,747,68748,0.9649087190628052,bruch by Stephan Siebert-auf,auf-bruch by Stephan Siebert
586,748,51152,0.9999998807907104,Night City by Dirty Beaches,Night City by Dirty Beaches
588,750,56131,0.9890744686126709,Street Song  Honga by Ben Holmes and Patrick Farrell,Street Song/ Honga by Ben Holmes and Patrick Farrell
589,756,73470,1.000000238418579,Lips by Plurabelle,Lips by Plurabelle
590,757,10,1.0000001192092896,Freeway by Kurt Vile,Freeway by Kurt Vile
591,758,69191,1.0000001192092896,Ou Inme by ghostandthesong,Ou Inme by ghostandthesong
593,763,62460,1.0,Siesta by Jahzzar,Siesta by Jahzzar
594,764,73792,1.0000001192092896,Vogelbird by Sleeping Policemen,Vogelbird by Sleeping Policemen
595,767,59627,1.0000001192092896,kirblooey by Windom Earle,kirblooey by Windom Earle
596,769,39105,1.0,Chaos by AMANDA,Chaos by AMANDA
597,773,56599,1.000000238418579,The Island Song by U.S. Girls,The Island Song by U.S. Girls
598,775,73787,0.9999997615814209,In The Early Months Of The Emergency by Ghost Hunter,In The Early Months Of The Emergency by Ghost Hunter
599,776,73786,0.9999998807907104,Through The Haze Of The Green Glasses by Ghost Hunter,Through The Haze Of The Green Glasses by Ghost Hunter
600,777,73500,1.0,A Little Too Fast by The Strangers,A Little Too Fast by The Strangers
601,779,45175,1.000000238418579,What Circle Where by Macaw,What Circle Where by Macaw
602,780,71708,1.0000001192092896,Gay_Bar_videogame by The Wildbunch,Gay_Bar_videogame by The Wildbunch
603,781,42751,0.9999998211860657,Butterfly by Delicate Steve,Butterfly by Delicate Steve
604,782,73499,1.000000238418579,Who Are You by The Strangers,Who Are You by The Strangers
605,784,73534,1.000000238418579,Le Gateau Au Yaourt by Benjamin Bret,Le Gateau Au Yaourt by Benjamin Bret
606,787,57935,0.9772672653198242, Ride The Tide by coverclub.nl-Schotel van de Dag ,Schotel van de Dag - Ride The Tide by coverclub.nl
607,789,54913,1.0,No Slow Dancing by Austin Leonard Jones,No Slow Dancing by Austin Leonard Jones
608,790,40710,0.9999998807907104,City Sounds by Sycamore Drive,City Sounds by Sycamore Drive
609,791,36641,0.9999998807907104,West Bank by Lezet,West Bank by Lezet
610,794,66302,1.000000238418579,Window #3 by Two Bicycles,Window #3 by Two Bicycles
611,795,45501,1.0000001192092896,Simon Cowell by Ergo Phizmiz,Simon Cowell by Ergo Phizmiz
612,796,31306,0.9999998807907104,Ghost Transference by Learning Music,Ghost Transference by Learning Music
613,797,54667,1.0000001192092896,Sunday Lovers by Monday Night Fever,Sunday Lovers by Monday Night Fever
614,798,72681,1.0,Waha by Casetofoane,Waha by Casetofoane
615,799,6400,1.0,Beach Point Pleasant by Ducktails,Beach Point Pleasant by Ducktails
616,800,57868,0.9741872549057007,Cinq by Les Oreilles-Quarante,Quarante-Cinq by Les Oreilles
618,804,62751,1.0,Birthday Cake by Jahzzar,Birthday Cake by Jahzzar
621,807,68657,1.0000001192092896,Ftgrr by Björn & Gorden,Ftgrr by Björn & Gorden
623,810,26397,1.0,El barzón by Los Amparito,El barzón by Los Amparito
624,811,67429,1.0000001192092896,Tourist Shooting Tar Balls by Party People in a Can,Tourist Shooting Tar Balls by Party People in a Can
625,813,57800,1.000000238418579,Wild & You by My Bubba & Mi,Wild & You by My Bubba & Mi
626,814,66255,0.9514172077178955,re bitterfly by etc.,re:bitterfly by etc.
627,815,73474,0.8457756042480469,LightLivid  by Plurabelle,"Light, Livid by Plurabelle"
628,818,64423,1.0,In Fielder by Miró Belle,In Fielder by Miró Belle
629,819,70298,1.0000003576278687,Tilly's Punctured Romancer by Ergo Phizmiz,Tilly's Punctured Romancer by Ergo Phizmiz
630,820,73473,1.0,Wallflower by Plurabelle,Wallflower by Plurabelle
631,823,57307,1.0,You Want It by Gringo Star,You Want It by Gringo Star
632,824,40708,0.9999998807907104,Untold Story by Sycamore Drive,Untold Story by Sycamore Drive
633,825,67246,1.000000238418579,I Keep My Soul Alive with Different Kinds of Germs by FAVORS,I Keep My Soul Alive with Different Kinds of Germs by FAVORS
635,829,62724,1.000000238418579,Talk to me by Jahzzar,Talk to me by Jahzzar
636,830,72680,1.0,Enel by Casetofoane,Enel by Casetofoane
637,831,72679,1.0,Electrohood by Casetofoane,Electrohood by Casetofoane
638,833,72677,1.0,Rocky 5000 by Casetofoane,Rocky 5000 by Casetofoane
641,839,70297,1.0000001192092896,Fun With Petroleum by Ergo Phizmiz,Fun With Petroleum by Ergo Phizmiz
642,841,3772,1.0000001192092896,Nicotine Blues by Kurt Vile,Nicotine Blues by Kurt Vile
645,846,72436,1.0,High Buildings by Flora,High Buildings by Flora
646,848,37142,0.9821739196777344,Eating Baby Lions Nightmare by Shirley and Spinoza-Half,Half-Eating Baby Lions Nightmare by Shirley and Spinoza
647,850,70296,1.0,Strange Things by Ergo Phizmiz,Strange Things by Ergo Phizmiz
648,851,73000,0.9322365522384644, Etam Etamski by How How-Tetrolux ,Tetrolux - Etam Etamski by How How
649,852,36624,1.0000001192092896,Erebus (piano) by Andrea Baroni,Erebus (piano) by Andrea Baroni
650,854,57798,1.0,Through & Through by My Bubba & Mi,Through & Through by My Bubba & Mi
654,858,72491,1.000000238418579,Alive by Jahzzar,Alive by Jahzzar
655,859,36625,1.0000001192092896,Delta by Moonove,Delta by Moonove
657,863,45141,0.9999997615814209,The End of Time by Computer Magic,The End of Time by Computer Magic
658,864,65072,1.0000001192092896,Polaroid by Jahzzar,Polaroid by Jahzzar
659,865,71731,1.0,Love Me Like You by The Mythics,Love Me Like You by The Mythics
661,867,69909,1.000000238418579,Saudades by Duda Nunes,Saudades by Duda Nunes
662,869,73472,1.000000238418579,cuts&bruises by Plurabelle,cuts&bruises by Plurabelle
663,871,40709,1.000000238418579,Deep Thought Process by Sycamore Drive,Deep Thought Process by Sycamore Drive
665,873,18168,1.0,Summer Song (Instrumental) by YACHT,Summer Song (Instrumental) by YACHT
666,874,35557,1.000000238418579,This Love's Got to Change by Black Math,This Love's Got to Change by Black Math
667,876,55718,1.0,Kopeika by et_,Kopeika by et_
668,879,28550,0.9999998807907104,Computer by State Shirt,Computer by State Shirt
670,882,62419,0.9999998807907104,The last ones by Jahzzar,The last ones by Jahzzar
671,884,73788,1.0000001192092896,Old White Eye by Ghost Hunter,Old White Eye by Ghost Hunter
672,886,82933,1.0000001192092896,Mariachi Bandits of Gatling Gun Ridge by krackatoa,Mariachi Bandits of Gatling Gun Ridge by krackatoa
673,887,18197,1.0000003576278687,Happening for Lulu by Kraus,Happening for Lulu by Kraus
674,889,56190,1.000000238418579,Requiem for a Fish by The Freak Fandango Orchestra,Requiem for a Fish by The Freak Fandango Orchestra
675,890,42881,1.000000238418579,The Beach! The Beach! by Holy Coast,The Beach! The Beach! by Holy Coast
676,891,66049,1.000000238418579,Jupiter The Blue by Gillicuddy,Jupiter The Blue by Gillicuddy
677,892,58031,1.0,North Sea Radio by Paneye,North Sea Radio by Paneye
678,893,67542,0.9999998807907104,Blackroad by Tyrannic Toy,Blackroad by Tyrannic Toy
679,897,57908,1.000000238418579,arriba by reed blue & exteenager,arriba by reed blue & exteenager
681,899,36630,1.0,One Man And His Piano by Linus Akesson,One Man And His Piano by Linus Akesson
682,902,30782,0.9645281434059143,Naramiddu poita (feat by Arrogalla remixes Dadub,Naramiddu poita (feat. Quilo) by Arrogalla remixes Dadub
683,903,4483,0.9999998807907104,Wild Eyes (live @ WFMU) by Vivian Girls,Wild Eyes (live @ WFMU) by Vivian Girls
684,904,72121,0.9999999403953552,Something In the Woods by krackatoa,Something In the Woods by krackatoa
685,908,85672,0.984970211982727,You Can't Have It   Shinjuku Birdwalk by Karen Cooper Complex,You Can't Have It/Shinjuku Birdwalk by Karen Cooper Complex
686,909,23177,0.9999998807907104,Exotica by Juanitos,Exotica by Juanitos
687,910,54737,1.000000238418579,Utopia (instrumental) by YACHT,Utopia (instrumental) by YACHT
688,911,45475,0.9999999403953552,Jungle Law by Original Innocence,Jungle Law by Original Innocence
689,913,72537,0.9999998807907104,Untitled 06 by Mountain Cult,Untitled 06 by Mountain Cult
690,915,61490,1.000000238418579,Everything Is Changing by Noi,Everything Is Changing by Noi
691,921,23175,1.0,Sambarama by Juanitos,Sambarama by Juanitos
692,924,23181,1.0,Strange Italian Song by Juanitos,Strange Italian Song by Juanitos
693,925,32009,1.000000238418579,Photosphere by Charles Atlas,Photosphere by Charles Atlas
694,926,70291,0.9689263105392456,Flying Alaska V by Everlone,Flying Alaska V.2 by Everlone
695,928,37123,0.9608616828918457, the  13 O' Clock in the Morning  by Waiters,"13 O' Clock in the Morning by Waiters, the"
699,936,47916,1.0,Plumy Tale by Dumbo Gets Mad,Plumy Tale by Dumbo Gets Mad
701,939,73450,1.000000238418579,You should go on by Richard There,You should go on by Richard There
702,941,64461,1.0000001192092896,Get My Fix (Morphamish Mix) by Morphamish+ Tekkerz,Get My Fix (Morphamish Mix) by Morphamish+ Tekkerz
704,944,57663,0.9465645551681519,Hey Grrl by Shark ,Hey Grrl by Shark?
705,945,58039,1.0000001192092896,Leelo (Part 1) by The Ghost Of 29 Megacycles,Leelo (Part 1) by The Ghost Of 29 Megacycles
709,955,70290,1.000000238418579,Blind Eyes by Everlone,Blind Eyes by Everlone
710,956,33273,0.9999998807907104,Indian Summer by end's not near,Indian Summer by end's not near
711,957,73464,1.0000001192092896,boss A by un automne à Lob-Nor,boss A by un automne à Lob-Nor
712,958,57879,1.0,(Untitled 1) by Trailblazer,(Untitled 1) by Trailblazer
713,959,68850,1.0,Indyair by springtide,Indyair by springtide
714,960,51125,1.0000003576278687,Helix Nebula by Anamanaguchi,Helix Nebula by Anamanaguchi
715,961,67674,1.0,Union Square by James Beaudreau,Union Square by James Beaudreau
716,962,49812,0.9999998807907104,Rotting Heights by Ice Age,Rotting Heights by Ice Age
717,964,71076,1.0,Driftin' Around by J.Walker & The Crossguards,Driftin' Around by J.Walker & The Crossguards
720,970,16821,0.9999998807907104,The Pharaos' Theme by Pharaos,The Pharaos' Theme by Pharaos
721,973,31484,1.0,Swagg's & Elliot by Mount Carmel,Swagg's & Elliot by Mount Carmel
722,974,26323,1.0,Crucial Contact by Karl Blau,Crucial Contact by Karl Blau
724,977,35558,1.0000001192092896,Suck City by Black Math,Suck City by Black Math
725,978,67842,1.0000001192092896,Absolutely Gorgeous by krackatoa,Absolutely Gorgeous by krackatoa
728,981,64414,1.0,Bottums Up by Morphamish,Bottums Up by Morphamish
729,983,54745,0.9999998807907104,Tripped & Fell In Love (instrumental) by YACHT,Tripped & Fell In Love (instrumental) by YACHT
733,988,48521,1.0,The Pull by Bluebrain,The Pull by Bluebrain
734,989,73538,0.9999999403953552,piste quatre by Vespre,piste quatre by Vespre
735,990,51772,1.0,El Tranvía by Jenifer Avila,El Tranvía by Jenifer Avila
736,991,73490,1.000000238418579,Moving Away by Moore & Sons,Moving Away by Moore & Sons
738,994,54143,1.000000238418579,Engine #3 (Morphamish Remix) by Morphamish remixes Full Blush,Engine #3 (Morphamish Remix) by Morphamish remixes Full Blush
739,995,73533,1.000000238418579,Honte De Toi by Benjamin Bret,Honte De Toi by Benjamin Bret
740,996,62456,1.000000238418579,Fireworks by Jahzzar,Fireworks by Jahzzar
742,999,62461,1.0000003576278687,So Easy by Jahzzar,So Easy by Jahzzar
743,1000,71887,0.9500089883804321, Single by Republic Of Lights-Got You Surrounded ,Got You Surrounded - Single by Republic Of Lights
